{"cameraMode":{"drawMode":0,"name":"Shaded","section":"Shading Mode"},"sceneLighting":false,"audioPlay":false,"sceneViewState":{"showFog":true,"showMaterialUpdate":false,"showSkybox":false,"showFlares":true,"showImageEffects":true,"showParticleSystems":true},"in2DMode":false,"pivot":{"x":0.0,"y":0.7919999957084656,"z":0.5420000553131104},"rotation":{"x":0.09632328897714615,"y":0.7013643383979797,"z":-0.0965532585978508,"w":0.6996436715126038},"size":0.6259807348251343,"orthographic":false}