{"cameraMode":{"drawMode":0,"name":"Shaded","section":"Shading Mode"},"sceneLighting":false,"audioPlay":false,"sceneViewState":{"showFog":true,"showMaterialUpdate":false,"showSkybox":false,"showFlares":true,"showImageEffects":true,"showParticleSystems":true},"in2DMode":false,"pivot":{"x":-3.1519999504089357,"y":1.6800000667572022,"z":0.0},"rotation":{"x":0.11492878198623657,"y":0.7776934504508972,"z":-0.149009108543396,"w":0.5998243689537048},"size":0.040620241314172748,"orthographic":false}