{"cameraMode":{"drawMode":0,"name":"Shaded","section":"Shading Mode"},"sceneLighting":false,"audioPlay":false,"sceneViewState":{"showFog":true,"showMaterialUpdate":false,"showSkybox":false,"showFlares":true,"showImageEffects":true,"showParticleSystems":true},"in2DMode":false,"pivot":{"x":-0.25543609261512759,"y":-0.06686414778232575,"z":-0.09364522993564606},"rotation":{"x":-0.039694350212812427,"y":0.7621033191680908,"z":-0.04693695530295372,"w":-0.6445387005805969},"size":0.35576391220092776,"orthographic":false}