{"cameraMode":{"drawMode":0,"name":"Shaded","section":"Shading Mode"},"sceneLighting":true,"audioPlay":false,"sceneViewState":{"showFog":true,"showMaterialUpdate":false,"showSkybox":true,"showFlares":true,"showImageEffects":true,"showParticleSystems":true},"in2DMode":false,"pivot":{"x":0.0042507946491241459,"y":1.7212470769882203,"z":-0.02162749134004116},"rotation":{"x":-0.15407542884349824,"y":-0.3675144910812378,"z":0.06187998503446579,"w":-0.9150782227516174},"size":0.2575545907020569,"orthographic":false}